Varste si grupe de varsta, Sexe, Judete, Localitati , Ani, UM: Numar persoane, Valoare
Total, Total, Caras-Severin, 50790 MUNICIPIUL RESITA, Anul 2026, Numar persoane, 76155
Total, Total, Caras-Severin, 51010 MUNICIPIUL CARANSEBES, Anul 2026, Numar persoane, 27273
Total, Total, Caras-Severin, 50889 ORAS ANINA, Anul 2026, Numar persoane, 8164
Total, Total, Caras-Severin, 50923 ORAS BAILE HERCULANE, Anul 2026, Numar persoane, 4191
Total, Total, Caras-Severin, 50969 ORAS BOCSA, Anul 2026, Numar persoane, 17922
Total, Total, Caras-Severin, 51056 ORAS MOLDOVA NOUA, Anul 2026, Numar persoane, 11871
Total, Total, Caras-Severin, 51118 ORAS ORAVITA, Anul 2026, Numar persoane, 11394
Total, Total, Caras-Severin, 51207 ORAS OTELU ROSU, Anul 2026, Numar persoane, 11409
Total, Total, Caras-Severin, 51243 ARMENIS, Anul 2026, Numar persoane, 2233
Total, Total, Caras-Severin, 51305 BANIA, Anul 2026, Numar persoane, 1526
Total, Total, Caras-Severin, 51332 BAUTAR, Anul 2026, Numar persoane, 2229
Total, Total, Caras-Severin, 51387 BERLISTE, Anul 2026, Numar persoane, 1224
Total, Total, Caras-Severin, 51449 BERZASCA, Anul 2026, Numar persoane, 2352
Total, Total, Caras-Severin, 51500 BERZOVIA, Anul 2026, Numar persoane, 3737
Total, Total, Caras-Severin, 51546 BOLVASNITA, Anul 2026, Numar persoane, 1260
Total, Total, Caras-Severin, 51573 BOZOVICI, Anul 2026, Numar persoane, 2589
Total, Total, Caras-Severin, 51626 BREBU, Anul 2026, Numar persoane, 1156
Total, Total, Caras-Severin, 51662 BREBU NOU, Anul 2026, Numar persoane, 328
Total, Total, Caras-Severin, 51699 BUCHIN, Anul 2026, Numar persoane, 2006
Total, Total, Caras-Severin, 51751 BUCOSNITA, Anul 2026, Numar persoane, 2751
Total, Total, Caras-Severin, 51804 CARASOVA, Anul 2026, Numar persoane, 2725
Total, Total, Caras-Severin, 51840 CARBUNARI, Anul 2026, Numar persoane, 805
Total, Total, Caras-Severin, 51948 CICLOVA ROMANA, Anul 2026, Numar persoane, 1550
Total, Total, Caras-Severin, 51984 CIUCHICI, Anul 2026, Numar persoane, 1130
Total, Total, Caras-Severin, 52035 CIUDANOVITA, Anul 2026, Numar persoane, 546
Total, Total, Caras-Severin, 51877 CONSTANTIN DAICOVICIU, Anul 2026, Numar persoane, 2654
Total, Total, Caras-Severin, 52062 COPACELE, Anul 2026, Numar persoane, 1040
Total, Total, Caras-Severin, 52115 CORNEA, Anul 2026, Numar persoane, 1632
Total, Total, Caras-Severin, 52160 CORNEREVA, Anul 2026, Numar persoane, 2691
Total, Total, Caras-Severin, 53489 CORONINI, Anul 2026, Numar persoane, 1908
Total, Total, Caras-Severin, 52570 DALBOSET, Anul 2026, Numar persoane, 1502
Total, Total, Caras-Severin, 52650 DOCLIN, Anul 2026, Numar persoane, 1752
Total, Total, Caras-Severin, 52696 DOGNECEA, Anul 2026, Numar persoane, 2158
Total, Total, Caras-Severin, 52721 DOMASNEA, Anul 2026, Numar persoane, 1204
Total, Total, Caras-Severin, 53700 EFTIMIE MURGU, Anul 2026, Numar persoane, 1395
Total, Total, Caras-Severin, 52758 EZERIS, Anul 2026, Numar persoane, 1337
Total, Total, Caras-Severin, 52785 FARLIUG, Anul 2026, Numar persoane, 1685
Total, Total, Caras-Severin, 52856 FOROTIC, Anul 2026, Numar persoane, 1623
Total, Total, Caras-Severin, 52909 GARNIC, Anul 2026, Numar persoane, 1203
Total, Total, Caras-Severin, 52936 GLIMBOCA, Anul 2026, Numar persoane, 1803
Total, Total, Caras-Severin, 52954 GORUIA, Anul 2026, Numar persoane, 751
Total, Total, Caras-Severin, 52990 GRADINARI, Anul 2026, Numar persoane, 1911
Total, Total, Caras-Severin, 53023 IABLANITA, Anul 2026, Numar persoane, 1933
Total, Total, Caras-Severin, 53069 LAPUSNICEL, Anul 2026, Numar persoane, 879
Total, Total, Caras-Severin, 53103 LAPUSNICU MARE, Anul 2026, Numar persoane, 1469
Total, Total, Caras-Severin, 53130 LUNCAVITA, Anul 2026, Numar persoane, 2079
Total, Total, Caras-Severin, 53167 LUPAC, Anul 2026, Numar persoane, 2429
Total, Total, Caras-Severin, 53210 MARGA, Anul 2026, Numar persoane, 1000
Total, Total, Caras-Severin, 53247 MAURENI, Anul 2026, Numar persoane, 2931
Total, Total, Caras-Severin, 53274 MEHADIA, Anul 2026, Numar persoane, 3862
Total, Total, Caras-Severin, 53327 MEHADICA, Anul 2026, Numar persoane, 605
Total, Total, Caras-Severin, 53345 NAIDAS, Anul 2026, Numar persoane, 1077
Total, Total, Caras-Severin, 53372 OBREJA, Anul 2026, Numar persoane, 3345
Total, Total, Caras-Severin, 50987 OCNA DE FIER, Anul 2026, Numar persoane, 669
Total, Total, Caras-Severin, 53425 PALTINIS, Anul 2026, Numar persoane, 2451
Total, Total, Caras-Severin, 53513 POJEJENA, Anul 2026, Numar persoane, 2583
Total, Total, Caras-Severin, 53577 PRIGOR, Anul 2026, Numar persoane, 2205
Total, Total, Caras-Severin, 53675 RACASDIA, Anul 2026, Numar persoane, 2049
Total, Total, Caras-Severin, 53639 RAMNA, Anul 2026, Numar persoane, 1502
Total, Total, Caras-Severin, 53728 RUSCA MONTANA, Anul 2026, Numar persoane, 1659
Total, Total, Caras-Severin, 53755 SACU, Anul 2026, Numar persoane, 1546
Total, Total, Caras-Severin, 53791 SASCA MONTANA, Anul 2026, Numar persoane, 1415
Total, Total, Caras-Severin, 53853 SICHEVITA, Anul 2026, Numar persoane, 1938
Total, Total, Caras-Severin, 54056 SLATINA-TIMIS, Anul 2026, Numar persoane, 2802
Total, Total, Caras-Severin, 54109 SOCOL, Anul 2026, Numar persoane, 2091
Total, Total, Caras-Severin, 54163 SOPOTU NOU, Anul 2026, Numar persoane, 1005
Total, Total, Caras-Severin, 54350 TARNOVA, Anul 2026, Numar persoane, 1577
Total, Total, Caras-Severin, 54270 TEREGOVA, Anul 2026, Numar persoane, 3600
Total, Total, Caras-Severin, 54305 TICVANIU MARE, Anul 2026, Numar persoane, 1970
Total, Total, Caras-Severin, 54387 TOPLET, Anul 2026, Numar persoane, 2344
Total, Total, Caras-Severin, 54412 TURNU RUIENI, Anul 2026, Numar persoane, 3408
Total, Total, Caras-Severin, 54485 VALIUG, Anul 2026, Numar persoane, 768
Total, Total, Caras-Severin, 54500 VARADIA, Anul 2026, Numar persoane, 1437
Total, Total, Caras-Severin, 54537 VERMES, Anul 2026, Numar persoane, 1401
Total, Total, Caras-Severin, 54573 VRANI, Anul 2026, Numar persoane, 1078
Total, Total, Caras-Severin, 54617 ZAVOI, Anul 2026, Numar persoane, 3780
Total, Total, Caras-Severin, 54699 ZORLENTU MARE, Anul 2026, Numar persoane, 1076
65-69 ani, Total, Caras-Severin, 50790 MUNICIPIUL RESITA, Anul 2026, Numar persoane, 5642
65-69 ani, Total, Caras-Severin, 51010 MUNICIPIUL CARANSEBES, Anul 2026, Numar persoane, 1843
65-69 ani, Total, Caras-Severin, 50889 ORAS ANINA, Anul 2026, Numar persoane, 499
65-69 ani, Total, Caras-Severin, 50923 ORAS BAILE HERCULANE, Anul 2026, Numar persoane, 368
65-69 ani, Total, Caras-Severin, 50969 ORAS BOCSA, Anul 2026, Numar persoane, 1038
65-69 ani, Total, Caras-Severin, 51056 ORAS MOLDOVA NOUA, Anul 2026, Numar persoane, 811
65-69 ani, Total, Caras-Severin, 51118 ORAS ORAVITA, Anul 2026, Numar persoane, 722
65-69 ani, Total, Caras-Severin, 51207 ORAS OTELU ROSU, Anul 2026, Numar persoane, 706
65-69 ani, Total, Caras-Severin, 51243 ARMENIS, Anul 2026, Numar persoane, 139
65-69 ani, Total, Caras-Severin, 51305 BANIA, Anul 2026, Numar persoane, 116
65-69 ani, Total, Caras-Severin, 51332 BAUTAR, Anul 2026, Numar persoane, 155
65-69 ani, Total, Caras-Severin, 51387 BERLISTE, Anul 2026, Numar persoane, 60
65-69 ani, Total, Caras-Severin, 51449 BERZASCA, Anul 2026, Numar persoane, 131
65-69 ani, Total, Caras-Severin, 51500 BERZOVIA, Anul 2026, Numar persoane, 279
65-69 ani, Total, Caras-Severin, 51546 BOLVASNITA, Anul 2026, Numar persoane, 87
65-69 ani, Total, Caras-Severin, 51573 BOZOVICI, Anul 2026, Numar persoane, 210
65-69 ani, Total, Caras-Severin, 51626 BREBU, Anul 2026, Numar persoane, 92
65-69 ani, Total, Caras-Severin, 51662 BREBU NOU, Anul 2026, Numar persoane, 33
65-69 ani, Total, Caras-Severin, 51699 BUCHIN, Anul 2026, Numar persoane, 132
65-69 ani, Total, Caras-Severin, 51751 BUCOSNITA, Anul 2026, Numar persoane, 177
65-69 ani, Total, Caras-Severin, 51804 CARASOVA, Anul 2026, Numar persoane, 197
65-69 ani, Total, Caras-Severin, 51840 CARBUNARI, Anul 2026, Numar persoane, 70
65-69 ani, Total, Caras-Severin, 51948 CICLOVA ROMANA, Anul 2026, Numar persoane, 107
65-69 ani, Total, Caras-Severin, 51984 CIUCHICI, Anul 2026, Numar persoane, 58
65-69 ani, Total, Caras-Severin, 52035 CIUDANOVITA, Anul 2026, Numar persoane, 43
65-69 ani, Total, Caras-Severin, 51877 CONSTANTIN DAICOVICIU, Anul 2026, Numar persoane, 172
65-69 ani, Total, Caras-Severin, 52062 COPACELE, Anul 2026, Numar persoane, 81
65-69 ani, Total, Caras-Severin, 52115 CORNEA, Anul 2026, Numar persoane, 132
65-69 ani, Total, Caras-Severin, 52160 CORNEREVA, Anul 2026, Numar persoane, 158
65-69 ani, Total, Caras-Severin, 53489 CORONINI, Anul 2026, Numar persoane, 131
65-69 ani, Total, Caras-Severin, 52570 DALBOSET, Anul 2026, Numar persoane, 100
65-69 ani, Total, Caras-Severin, 52650 DOCLIN, Anul 2026, Numar persoane, 112
65-69 ani, Total, Caras-Severin, 52696 DOGNECEA, Anul 2026, Numar persoane, 100
65-69 ani, Total, Caras-Severin, 52721 DOMASNEA, Anul 2026, Numar persoane, 74
65-69 ani, Total, Caras-Severin, 53700 EFTIMIE MURGU, Anul 2026, Numar persoane, 125
65-69 ani, Total, Caras-Severin, 52758 EZERIS, Anul 2026, Numar persoane, 89
65-69 ani, Total, Caras-Severin, 52785 FARLIUG, Anul 2026, Numar persoane, 102
65-69 ani, Total, Caras-Severin, 52856 FOROTIC, Anul 2026, Numar persoane, 94
65-69 ani, Total, Caras-Severin, 52909 GARNIC, Anul 2026, Numar persoane, 101
65-69 ani, Total, Caras-Severin, 52936 GLIMBOCA, Anul 2026, Numar persoane, 119
65-69 ani, Total, Caras-Severin, 52954 GORUIA, Anul 2026, Numar persoane, 77
65-69 ani, Total, Caras-Severin, 52990 GRADINARI, Anul 2026, Numar persoane, 118
65-69 ani, Total, Caras-Severin, 53023 IABLANITA, Anul 2026, Numar persoane, 171
65-69 ani, Total, Caras-Severin, 53069 LAPUSNICEL, Anul 2026, Numar persoane, 80
65-69 ani, Total, Caras-Severin, 53103 LAPUSNICU MARE, Anul 2026, Numar persoane, 95
65-69 ani, Total, Caras-Severin, 53130 LUNCAVITA, Anul 2026, Numar persoane, 131
65-69 ani, Total, Caras-Severin, 53167 LUPAC, Anul 2026, Numar persoane, 160
65-69 ani, Total, Caras-Severin, 53210 MARGA, Anul 2026, Numar persoane, 71
65-69 ani, Total, Caras-Severin, 53247 MAURENI, Anul 2026, Numar persoane, 128
65-69 ani, Total, Caras-Severin, 53274 MEHADIA, Anul 2026, Numar persoane, 257
65-69 ani, Total, Caras-Severin, 53327 MEHADICA, Anul 2026, Numar persoane, 27
65-69 ani, Total, Caras-Severin, 53345 NAIDAS, Anul 2026, Numar persoane, 63
65-69 ani, Total, Caras-Severin, 53372 OBREJA, Anul 2026, Numar persoane, 175
65-69 ani, Total, Caras-Severin, 50987 OCNA DE FIER, Anul 2026, Numar persoane, 30
65-69 ani, Total, Caras-Severin, 53425 PALTINIS, Anul 2026, Numar persoane, 133
65-69 ani, Total, Caras-Severin, 53513 POJEJENA, Anul 2026, Numar persoane, 200
65-69 ani, Total, Caras-Severin, 53577 PRIGOR, Anul 2026, Numar persoane, 159
65-69 ani, Total, Caras-Severin, 53675 RACASDIA, Anul 2026, Numar persoane, 109
65-69 ani, Total, Caras-Severin, 53639 RAMNA, Anul 2026, Numar persoane, 99
65-69 ani, Total, Caras-Severin, 53728 RUSCA MONTANA, Anul 2026, Numar persoane, 100
65-69 ani, Total, Caras-Severin, 53755 SACU, Anul 2026, Numar persoane, 91
65-69 ani, Total, Caras-Severin, 53791 SASCA MONTANA, Anul 2026, Numar persoane, 89
65-69 ani, Total, Caras-Severin, 53853 SICHEVITA, Anul 2026, Numar persoane, 131
65-69 ani, Total, Caras-Severin, 54056 SLATINA-TIMIS, Anul 2026, Numar persoane, 198
65-69 ani, Total, Caras-Severin, 54109 SOCOL, Anul 2026, Numar persoane, 133
65-69 ani, Total, Caras-Severin, 54163 SOPOTU NOU, Anul 2026, Numar persoane, 62
65-69 ani, Total, Caras-Severin, 54350 TARNOVA, Anul 2026, Numar persoane, 118
65-69 ani, Total, Caras-Severin, 54270 TEREGOVA, Anul 2026, Numar persoane, 227
65-69 ani, Total, Caras-Severin, 54305 TICVANIU MARE, Anul 2026, Numar persoane, 99
65-69 ani, Total, Caras-Severin, 54387 TOPLET, Anul 2026, Numar persoane, 178
65-69 ani, Total, Caras-Severin, 54412 TURNU RUIENI, Anul 2026, Numar persoane, 196
65-69 ani, Total, Caras-Severin, 54485 VALIUG, Anul 2026, Numar persoane, 59
65-69 ani, Total, Caras-Severin, 54500 VARADIA, Anul 2026, Numar persoane, 77
65-69 ani, Total, Caras-Severin, 54537 VERMES, Anul 2026, Numar persoane, 79
65-69 ani, Total, Caras-Severin, 54573 VRANI, Anul 2026, Numar persoane, 64
65-69 ani, Total, Caras-Severin, 54617 ZAVOI, Anul 2026, Numar persoane, 246
65-69 ani, Total, Caras-Severin, 54699 ZORLENTU MARE, Anul 2026, Numar persoane, 81
70-74 ani, Total, Caras-Severin, 50790 MUNICIPIUL RESITA, Anul 2026, Numar persoane, 4846
70-74 ani, Total, Caras-Severin, 51010 MUNICIPIUL CARANSEBES, Anul 2026, Numar persoane, 1673
70-74 ani, Total, Caras-Severin, 50889 ORAS ANINA, Anul 2026, Numar persoane, 443
70-74 ani, Total, Caras-Severin, 50923 ORAS BAILE HERCULANE, Anul 2026, Numar persoane, 353
70-74 ani, Total, Caras-Severin, 50969 ORAS BOCSA, Anul 2026, Numar persoane, 877
70-74 ani, Total, Caras-Severin, 51056 ORAS MOLDOVA NOUA, Anul 2026, Numar persoane, 686
70-74 ani, Total, Caras-Severin, 51118 ORAS ORAVITA, Anul 2026, Numar persoane, 589
70-74 ani, Total, Caras-Severin, 51207 ORAS OTELU ROSU, Anul 2026, Numar persoane, 691
70-74 ani, Total, Caras-Severin, 51243 ARMENIS, Anul 2026, Numar persoane, 131
70-74 ani, Total, Caras-Severin, 51305 BANIA, Anul 2026, Numar persoane, 75
70-74 ani, Total, Caras-Severin, 51332 BAUTAR, Anul 2026, Numar persoane, 124
70-74 ani, Total, Caras-Severin, 51387 BERLISTE, Anul 2026, Numar persoane, 58
70-74 ani, Total, Caras-Severin, 51449 BERZASCA, Anul 2026, Numar persoane, 129
70-74 ani, Total, Caras-Severin, 51500 BERZOVIA, Anul 2026, Numar persoane, 195
70-74 ani, Total, Caras-Severin, 51546 BOLVASNITA, Anul 2026, Numar persoane, 74
70-74 ani, Total, Caras-Severin, 51573 BOZOVICI, Anul 2026, Numar persoane, 195
70-74 ani, Total, Caras-Severin, 51626 BREBU, Anul 2026, Numar persoane, 94
70-74 ani, Total, Caras-Severin, 51662 BREBU NOU, Anul 2026, Numar persoane, 28
70-74 ani, Total, Caras-Severin, 51699 BUCHIN, Anul 2026, Numar persoane, 137
70-74 ani, Total, Caras-Severin, 51751 BUCOSNITA, Anul 2026, Numar persoane, 180
70-74 ani, Total, Caras-Severin, 51804 CARASOVA, Anul 2026, Numar persoane, 194
70-74 ani, Total, Caras-Severin, 51840 CARBUNARI, Anul 2026, Numar persoane, 63
70-74 ani, Total, Caras-Severin, 51948 CICLOVA ROMANA, Anul 2026, Numar persoane, 103
70-74 ani, Total, Caras-Severin, 51984 CIUCHICI, Anul 2026, Numar persoane, 61
70-74 ani, Total, Caras-Severin, 52035 CIUDANOVITA, Anul 2026, Numar persoane, 26
70-74 ani, Total, Caras-Severin, 51877 CONSTANTIN DAICOVICIU, Anul 2026, Numar persoane, 158
70-74 ani, Total, Caras-Severin, 52062 COPACELE, Anul 2026, Numar persoane, 63
70-74 ani, Total, Caras-Severin, 52115 CORNEA, Anul 2026, Numar persoane, 120
70-74 ani, Total, Caras-Severin, 52160 CORNEREVA, Anul 2026, Numar persoane, 158
70-74 ani, Total, Caras-Severin, 53489 CORONINI, Anul 2026, Numar persoane, 112
70-74 ani, Total, Caras-Severin, 52570 DALBOSET, Anul 2026, Numar persoane, 91
70-74 ani, Total, Caras-Severin, 52650 DOCLIN, Anul 2026, Numar persoane, 90
70-74 ani, Total, Caras-Severin, 52696 DOGNECEA, Anul 2026, Numar persoane, 101
70-74 ani, Total, Caras-Severin, 52721 DOMASNEA, Anul 2026, Numar persoane, 81
70-74 ani, Total, Caras-Severin, 53700 EFTIMIE MURGU, Anul 2026, Numar persoane, 90
70-74 ani, Total, Caras-Severin, 52758 EZERIS, Anul 2026, Numar persoane, 84
70-74 ani, Total, Caras-Severin, 52785 FARLIUG, Anul 2026, Numar persoane, 108
70-74 ani, Total, Caras-Severin, 52856 FOROTIC, Anul 2026, Numar persoane, 77
70-74 ani, Total, Caras-Severin, 52909 GARNIC, Anul 2026, Numar persoane, 76
70-74 ani, Total, Caras-Severin, 52936 GLIMBOCA, Anul 2026, Numar persoane, 108
70-74 ani, Total, Caras-Severin, 52954 GORUIA, Anul 2026, Numar persoane, 40
70-74 ani, Total, Caras-Severin, 52990 GRADINARI, Anul 2026, Numar persoane, 107
70-74 ani, Total, Caras-Severin, 53023 IABLANITA, Anul 2026, Numar persoane, 166
70-74 ani, Total, Caras-Severin, 53069 LAPUSNICEL, Anul 2026, Numar persoane, 77
70-74 ani, Total, Caras-Severin, 53103 LAPUSNICU MARE, Anul 2026, Numar persoane, 96
70-74 ani, Total, Caras-Severin, 53130 LUNCAVITA, Anul 2026, Numar persoane, 143
70-74 ani, Total, Caras-Severin, 53167 LUPAC, Anul 2026, Numar persoane, 152
70-74 ani, Total, Caras-Severin, 53210 MARGA, Anul 2026, Numar persoane, 66
70-74 ani, Total, Caras-Severin, 53247 MAURENI, Anul 2026, Numar persoane, 116
70-74 ani, Total, Caras-Severin, 53274 MEHADIA, Anul 2026, Numar persoane, 243
70-74 ani, Total, Caras-Severin, 53327 MEHADICA, Anul 2026, Numar persoane, 49
70-74 ani, Total, Caras-Severin, 53345 NAIDAS, Anul 2026, Numar persoane, 65
70-74 ani, Total, Caras-Severin, 53372 OBREJA, Anul 2026, Numar persoane, 148
70-74 ani, Total, Caras-Severin, 50987 OCNA DE FIER, Anul 2026, Numar persoane, 30
70-74 ani, Total, Caras-Severin, 53425 PALTINIS, Anul 2026, Numar persoane, 133
70-74 ani, Total, Caras-Severin, 53513 POJEJENA, Anul 2026, Numar persoane, 205
70-74 ani, Total, Caras-Severin, 53577 PRIGOR, Anul 2026, Numar persoane, 157
70-74 ani, Total, Caras-Severin, 53675 RACASDIA, Anul 2026, Numar persoane, 100
70-74 ani, Total, Caras-Severin, 53639 RAMNA, Anul 2026, Numar persoane, 92
70-74 ani, Total, Caras-Severin, 53728 RUSCA MONTANA, Anul 2026, Numar persoane, 111
70-74 ani, Total, Caras-Severin, 53755 SACU, Anul 2026, Numar persoane, 72
70-74 ani, Total, Caras-Severin, 53791 SASCA MONTANA, Anul 2026, Numar persoane, 97
70-74 ani, Total, Caras-Severin, 53853 SICHEVITA, Anul 2026, Numar persoane, 119
70-74 ani, Total, Caras-Severin, 54056 SLATINA-TIMIS, Anul 2026, Numar persoane, 147
70-74 ani, Total, Caras-Severin, 54109 SOCOL, Anul 2026, Numar persoane, 122
70-74 ani, Total, Caras-Severin, 54163 SOPOTU NOU, Anul 2026, Numar persoane, 70
70-74 ani, Total, Caras-Severin, 54350 TARNOVA, Anul 2026, Numar persoane, 104
70-74 ani, Total, Caras-Severin, 54270 TEREGOVA, Anul 2026, Numar persoane, 205
70-74 ani, Total, Caras-Severin, 54305 TICVANIU MARE, Anul 2026, Numar persoane, 79
70-74 ani, Total, Caras-Severin, 54387 TOPLET, Anul 2026, Numar persoane, 150
70-74 ani, Total, Caras-Severin, 54412 TURNU RUIENI, Anul 2026, Numar persoane, 174
70-74 ani, Total, Caras-Severin, 54485 VALIUG, Anul 2026, Numar persoane, 53
70-74 ani, Total, Caras-Severin, 54500 VARADIA, Anul 2026, Numar persoane, 57
70-74 ani, Total, Caras-Severin, 54537 VERMES, Anul 2026, Numar persoane, 111
70-74 ani, Total, Caras-Severin, 54573 VRANI, Anul 2026, Numar persoane, 43
70-74 ani, Total, Caras-Severin, 54617 ZAVOI, Anul 2026, Numar persoane, 213
70-74 ani, Total, Caras-Severin, 54699 ZORLENTU MARE, Anul 2026, Numar persoane, 78
75-79 ani, Total, Caras-Severin, 50790 MUNICIPIUL RESITA, Anul 2026, Numar persoane, 3152
75-79 ani, Total, Caras-Severin, 51010 MUNICIPIUL CARANSEBES, Anul 2026, Numar persoane, 1110
75-79 ani, Total, Caras-Severin, 50889 ORAS ANINA, Anul 2026, Numar persoane, 293
75-79 ani, Total, Caras-Severin, 50923 ORAS BAILE HERCULANE, Anul 2026, Numar persoane, 246
75-79 ani, Total, Caras-Severin, 50969 ORAS BOCSA, Anul 2026, Numar persoane, 664
75-79 ani, Total, Caras-Severin, 51056 ORAS MOLDOVA NOUA, Anul 2026, Numar persoane, 522
75-79 ani, Total, Caras-Severin, 51118 ORAS ORAVITA, Anul 2026, Numar persoane, 444
75-79 ani, Total, Caras-Severin, 51207 ORAS OTELU ROSU, Anul 2026, Numar persoane, 432
75-79 ani, Total, Caras-Severin, 51243 ARMENIS, Anul 2026, Numar persoane, 112
75-79 ani, Total, Caras-Severin, 51305 BANIA, Anul 2026, Numar persoane, 80
75-79 ani, Total, Caras-Severin, 51332 BAUTAR, Anul 2026, Numar persoane, 119
75-79 ani, Total, Caras-Severin, 51387 BERLISTE, Anul 2026, Numar persoane, 57
75-79 ani, Total, Caras-Severin, 51449 BERZASCA, Anul 2026, Numar persoane, 106
75-79 ani, Total, Caras-Severin, 51500 BERZOVIA, Anul 2026, Numar persoane, 144
75-79 ani, Total, Caras-Severin, 51546 BOLVASNITA, Anul 2026, Numar persoane, 67
75-79 ani, Total, Caras-Severin, 51573 BOZOVICI, Anul 2026, Numar persoane, 125
75-79 ani, Total, Caras-Severin, 51626 BREBU, Anul 2026, Numar persoane, 69
75-79 ani, Total, Caras-Severin, 51662 BREBU NOU, Anul 2026, Numar persoane, 14
75-79 ani, Total, Caras-Severin, 51699 BUCHIN, Anul 2026, Numar persoane, 96
75-79 ani, Total, Caras-Severin, 51751 BUCOSNITA, Anul 2026, Numar persoane, 155
75-79 ani, Total, Caras-Severin, 51804 CARASOVA, Anul 2026, Numar persoane, 145
75-79 ani, Total, Caras-Severin, 51840 CARBUNARI, Anul 2026, Numar persoane, 49
75-79 ani, Total, Caras-Severin, 51948 CICLOVA ROMANA, Anul 2026, Numar persoane, 76
75-79 ani, Total, Caras-Severin, 51984 CIUCHICI, Anul 2026, Numar persoane, 61
75-79 ani, Total, Caras-Severin, 52035 CIUDANOVITA, Anul 2026, Numar persoane, 26
75-79 ani, Total, Caras-Severin, 51877 CONSTANTIN DAICOVICIU, Anul 2026, Numar persoane, 121
75-79 ani, Total, Caras-Severin, 52062 COPACELE, Anul 2026, Numar persoane, 70
75-79 ani, Total, Caras-Severin, 52115 CORNEA, Anul 2026, Numar persoane, 105
75-79 ani, Total, Caras-Severin, 52160 CORNEREVA, Anul 2026, Numar persoane, 127
75-79 ani, Total, Caras-Severin, 53489 CORONINI, Anul 2026, Numar persoane, 66
75-79 ani, Total, Caras-Severin, 52570 DALBOSET, Anul 2026, Numar persoane, 88
75-79 ani, Total, Caras-Severin, 52650 DOCLIN, Anul 2026, Numar persoane, 90
75-79 ani, Total, Caras-Severin, 52696 DOGNECEA, Anul 2026, Numar persoane, 76
75-79 ani, Total, Caras-Severin, 52721 DOMASNEA, Anul 2026, Numar persoane, 71
75-79 ani, Total, Caras-Severin, 53700 EFTIMIE MURGU, Anul 2026, Numar persoane, 85
75-79 ani, Total, Caras-Severin, 52758 EZERIS, Anul 2026, Numar persoane, 52
75-79 ani, Total, Caras-Severin, 52785 FARLIUG, Anul 2026, Numar persoane, 127
75-79 ani, Total, Caras-Severin, 52856 FOROTIC, Anul 2026, Numar persoane, 74
75-79 ani, Total, Caras-Severin, 52909 GARNIC, Anul 2026, Numar persoane, 54
75-79 ani, Total, Caras-Severin, 52936 GLIMBOCA, Anul 2026, Numar persoane, 70
75-79 ani, Total, Caras-Severin, 52954 GORUIA, Anul 2026, Numar persoane, 44
75-79 ani, Total, Caras-Severin, 52990 GRADINARI, Anul 2026, Numar persoane, 86
75-79 ani, Total, Caras-Severin, 53023 IABLANITA, Anul 2026, Numar persoane, 114
75-79 ani, Total, Caras-Severin, 53069 LAPUSNICEL, Anul 2026, Numar persoane, 70
75-79 ani, Total, Caras-Severin, 53103 LAPUSNICU MARE, Anul 2026, Numar persoane, 97
75-79 ani, Total, Caras-Severin, 53130 LUNCAVITA, Anul 2026, Numar persoane, 130
75-79 ani, Total, Caras-Severin, 53167 LUPAC, Anul 2026, Numar persoane, 143
75-79 ani, Total, Caras-Severin, 53210 MARGA, Anul 2026, Numar persoane, 49
75-79 ani, Total, Caras-Severin, 53247 MAURENI, Anul 2026, Numar persoane, 68
75-79 ani, Total, Caras-Severin, 53274 MEHADIA, Anul 2026, Numar persoane, 187
75-79 ani, Total, Caras-Severin, 53327 MEHADICA, Anul 2026, Numar persoane, 49
75-79 ani, Total, Caras-Severin, 53345 NAIDAS, Anul 2026, Numar persoane, 78
75-79 ani, Total, Caras-Severin, 53372 OBREJA, Anul 2026, Numar persoane, 138
75-79 ani, Total, Caras-Severin, 50987 OCNA DE FIER, Anul 2026, Numar persoane, 22
75-79 ani, Total, Caras-Severin, 53425 PALTINIS, Anul 2026, Numar persoane, 99
75-79 ani, Total, Caras-Severin, 53513 POJEJENA, Anul 2026, Numar persoane, 156
75-79 ani, Total, Caras-Severin, 53577 PRIGOR, Anul 2026, Numar persoane, 131
75-79 ani, Total, Caras-Severin, 53675 RACASDIA, Anul 2026, Numar persoane, 71
75-79 ani, Total, Caras-Severin, 53639 RAMNA, Anul 2026, Numar persoane, 76
75-79 ani, Total, Caras-Severin, 53728 RUSCA MONTANA, Anul 2026, Numar persoane, 62
75-79 ani, Total, Caras-Severin, 53755 SACU, Anul 2026, Numar persoane, 77
75-79 ani, Total, Caras-Severin, 53791 SASCA MONTANA, Anul 2026, Numar persoane, 78
75-79 ani, Total, Caras-Severin, 53853 SICHEVITA, Anul 2026, Numar persoane, 144
75-79 ani, Total, Caras-Severin, 54056 SLATINA-TIMIS, Anul 2026, Numar persoane, 134
75-79 ani, Total, Caras-Severin, 54109 SOCOL, Anul 2026, Numar persoane, 101
75-79 ani, Total, Caras-Severin, 54163 SOPOTU NOU, Anul 2026, Numar persoane, 55
75-79 ani, Total, Caras-Severin, 54350 TARNOVA, Anul 2026, Numar persoane, 61
75-79 ani, Total, Caras-Severin, 54270 TEREGOVA, Anul 2026, Numar persoane, 168
75-79 ani, Total, Caras-Severin, 54305 TICVANIU MARE, Anul 2026, Numar persoane, 56
75-79 ani, Total, Caras-Severin, 54387 TOPLET, Anul 2026, Numar persoane, 89
75-79 ani, Total, Caras-Severin, 54412 TURNU RUIENI, Anul 2026, Numar persoane, 137
75-79 ani, Total, Caras-Severin, 54485 VALIUG, Anul 2026, Numar persoane, 34
75-79 ani, Total, Caras-Severin, 54500 VARADIA, Anul 2026, Numar persoane, 56
75-79 ani, Total, Caras-Severin, 54537 VERMES, Anul 2026, Numar persoane, 80
75-79 ani, Total, Caras-Severin, 54573 VRANI, Anul 2026, Numar persoane, 46
75-79 ani, Total, Caras-Severin, 54617 ZAVOI, Anul 2026, Numar persoane, 137
75-79 ani, Total, Caras-Severin, 54699 ZORLENTU MARE, Anul 2026, Numar persoane, 90
80-84 ani, Total, Caras-Severin, 50790 MUNICIPIUL RESITA, Anul 2026, Numar persoane, 1632
80-84 ani, Total, Caras-Severin, 51010 MUNICIPIUL CARANSEBES, Anul 2026, Numar persoane, 485
80-84 ani, Total, Caras-Severin, 50889 ORAS ANINA, Anul 2026, Numar persoane, 193
80-84 ani, Total, Caras-Severin, 50923 ORAS BAILE HERCULANE, Anul 2026, Numar persoane, 110
80-84 ani, Total, Caras-Severin, 50969 ORAS BOCSA, Anul 2026, Numar persoane, 349
80-84 ani, Total, Caras-Severin, 51056 ORAS MOLDOVA NOUA, Anul 2026, Numar persoane, 242
80-84 ani, Total, Caras-Severin, 51118 ORAS ORAVITA, Anul 2026, Numar persoane, 240
80-84 ani, Total, Caras-Severin, 51207 ORAS OTELU ROSU, Anul 2026, Numar persoane, 242
80-84 ani, Total, Caras-Severin, 51243 ARMENIS, Anul 2026, Numar persoane, 72
80-84 ani, Total, Caras-Severin, 51305 BANIA, Anul 2026, Numar persoane, 48
80-84 ani, Total, Caras-Severin, 51332 BAUTAR, Anul 2026, Numar persoane, 58
80-84 ani, Total, Caras-Severin, 51387 BERLISTE, Anul 2026, Numar persoane, 27
80-84 ani, Total, Caras-Severin, 51449 BERZASCA, Anul 2026, Numar persoane, 61
80-84 ani, Total, Caras-Severin, 51500 BERZOVIA, Anul 2026, Numar persoane, 68
80-84 ani, Total, Caras-Severin, 51546 BOLVASNITA, Anul 2026, Numar persoane, 21
80-84 ani, Total, Caras-Severin, 51573 BOZOVICI, Anul 2026, Numar persoane, 55
80-84 ani, Total, Caras-Severin, 51626 BREBU, Anul 2026, Numar persoane, 39
80-84 ani, Total, Caras-Severin, 51662 BREBU NOU, Anul 2026, Numar persoane, 8
80-84 ani, Total, Caras-Severin, 51699 BUCHIN, Anul 2026, Numar persoane, 44
80-84 ani, Total, Caras-Severin, 51751 BUCOSNITA, Anul 2026, Numar persoane, 60
80-84 ani, Total, Caras-Severin, 51804 CARASOVA, Anul 2026, Numar persoane, 65
80-84 ani, Total, Caras-Severin, 51840 CARBUNARI, Anul 2026, Numar persoane, 43
80-84 ani, Total, Caras-Severin, 51948 CICLOVA ROMANA, Anul 2026, Numar persoane, 46
80-84 ani, Total, Caras-Severin, 51984 CIUCHICI, Anul 2026, Numar persoane, 47
80-84 ani, Total, Caras-Severin, 52035 CIUDANOVITA, Anul 2026, Numar persoane, 17
80-84 ani, Total, Caras-Severin, 51877 CONSTANTIN DAICOVICIU, Anul 2026, Numar persoane, 72
80-84 ani, Total, Caras-Severin, 52062 COPACELE, Anul 2026, Numar persoane, 44
80-84 ani, Total, Caras-Severin, 52115 CORNEA, Anul 2026, Numar persoane, 82
80-84 ani, Total, Caras-Severin, 52160 CORNEREVA, Anul 2026, Numar persoane, 76
80-84 ani, Total, Caras-Severin, 53489 CORONINI, Anul 2026, Numar persoane, 29
80-84 ani, Total, Caras-Severin, 52570 DALBOSET, Anul 2026, Numar persoane, 55
80-84 ani, Total, Caras-Severin, 52650 DOCLIN, Anul 2026, Numar persoane, 42
80-84 ani, Total, Caras-Severin, 52696 DOGNECEA, Anul 2026, Numar persoane, 64
80-84 ani, Total, Caras-Severin, 52721 DOMASNEA, Anul 2026, Numar persoane, 41
80-84 ani, Total, Caras-Severin, 53700 EFTIMIE MURGU, Anul 2026, Numar persoane, 54
80-84 ani, Total, Caras-Severin, 52758 EZERIS, Anul 2026, Numar persoane, 40
80-84 ani, Total, Caras-Severin, 52785 FARLIUG, Anul 2026, Numar persoane, 69
80-84 ani, Total, Caras-Severin, 52856 FOROTIC, Anul 2026, Numar persoane, 31
80-84 ani, Total, Caras-Severin, 52909 GARNIC, Anul 2026, Numar persoane, 37
80-84 ani, Total, Caras-Severin, 52936 GLIMBOCA, Anul 2026, Numar persoane, 41
80-84 ani, Total, Caras-Severin, 52954 GORUIA, Anul 2026, Numar persoane, 21
80-84 ani, Total, Caras-Severin, 52990 GRADINARI, Anul 2026, Numar persoane, 33
80-84 ani, Total, Caras-Severin, 53023 IABLANITA, Anul 2026, Numar persoane, 92
80-84 ani, Total, Caras-Severin, 53069 LAPUSNICEL, Anul 2026, Numar persoane, 54
80-84 ani, Total, Caras-Severin, 53103 LAPUSNICU MARE, Anul 2026, Numar persoane, 56
80-84 ani, Total, Caras-Severin, 53130 LUNCAVITA, Anul 2026, Numar persoane, 66
80-84 ani, Total, Caras-Severin, 53167 LUPAC, Anul 2026, Numar persoane, 57
80-84 ani, Total, Caras-Severin, 53210 MARGA, Anul 2026, Numar persoane, 29
80-84 ani, Total, Caras-Severin, 53247 MAURENI, Anul 2026, Numar persoane, 50
80-84 ani, Total, Caras-Severin, 53274 MEHADIA, Anul 2026, Numar persoane, 92
80-84 ani, Total, Caras-Severin, 53327 MEHADICA, Anul 2026, Numar persoane, 34
80-84 ani, Total, Caras-Severin, 53345 NAIDAS, Anul 2026, Numar persoane, 54
80-84 ani, Total, Caras-Severin, 53372 OBREJA, Anul 2026, Numar persoane, 71
80-84 ani, Total, Caras-Severin, 50987 OCNA DE FIER, Anul 2026, Numar persoane, 15
80-84 ani, Total, Caras-Severin, 53425 PALTINIS, Anul 2026, Numar persoane, 66
80-84 ani, Total, Caras-Severin, 53513 POJEJENA, Anul 2026, Numar persoane, 71
80-84 ani, Total, Caras-Severin, 53577 PRIGOR, Anul 2026, Numar persoane, 72
80-84 ani, Total, Caras-Severin, 53675 RACASDIA, Anul 2026, Numar persoane, 40
80-84 ani, Total, Caras-Severin, 53639 RAMNA, Anul 2026, Numar persoane, 33
80-84 ani, Total, Caras-Severin, 53728 RUSCA MONTANA, Anul 2026, Numar persoane, 32
80-84 ani, Total, Caras-Severin, 53755 SACU, Anul 2026, Numar persoane, 33
80-84 ani, Total, Caras-Severin, 53791 SASCA MONTANA, Anul 2026, Numar persoane, 55
80-84 ani, Total, Caras-Severin, 53853 SICHEVITA, Anul 2026, Numar persoane, 67
80-84 ani, Total, Caras-Severin, 54056 SLATINA-TIMIS, Anul 2026, Numar persoane, 59
80-84 ani, Total, Caras-Severin, 54109 SOCOL, Anul 2026, Numar persoane, 45
80-84 ani, Total, Caras-Severin, 54163 SOPOTU NOU, Anul 2026, Numar persoane, 28
80-84 ani, Total, Caras-Severin, 54350 TARNOVA, Anul 2026, Numar persoane, 45
80-84 ani, Total, Caras-Severin, 54270 TEREGOVA, Anul 2026, Numar persoane, 96
80-84 ani, Total, Caras-Severin, 54305 TICVANIU MARE, Anul 2026, Numar persoane, 40
80-84 ani, Total, Caras-Severin, 54387 TOPLET, Anul 2026, Numar persoane, 48
80-84 ani, Total, Caras-Severin, 54412 TURNU RUIENI, Anul 2026, Numar persoane, 75
80-84 ani, Total, Caras-Severin, 54485 VALIUG, Anul 2026, Numar persoane, 17
80-84 ani, Total, Caras-Severin, 54500 VARADIA, Anul 2026, Numar persoane, 23
80-84 ani, Total, Caras-Severin, 54537 VERMES, Anul 2026, Numar persoane, 32
80-84 ani, Total, Caras-Severin, 54573 VRANI, Anul 2026, Numar persoane, 21
80-84 ani, Total, Caras-Severin, 54617 ZAVOI, Anul 2026, Numar persoane, 76
80-84 ani, Total, Caras-Severin, 54699 ZORLENTU MARE, Anul 2026, Numar persoane, 56
85 ani si peste, Total, Caras-Severin, 50790 MUNICIPIUL RESITA, Anul 2026, Numar persoane, 1785
85 ani si peste, Total, Caras-Severin, 51010 MUNICIPIUL CARANSEBES, Anul 2026, Numar persoane, 655
85 ani si peste, Total, Caras-Severin, 50889 ORAS ANINA, Anul 2026, Numar persoane, 186
85 ani si peste, Total, Caras-Severin, 50923 ORAS BAILE HERCULANE, Anul 2026, Numar persoane, 91
85 ani si peste, Total, Caras-Severin, 50969 ORAS BOCSA, Anul 2026, Numar persoane, 365
85 ani si peste, Total, Caras-Severin, 51056 ORAS MOLDOVA NOUA, Anul 2026, Numar persoane, 190
85 ani si peste, Total, Caras-Severin, 51118 ORAS ORAVITA, Anul 2026, Numar persoane, 194
85 ani si peste, Total, Caras-Severin, 51207 ORAS OTELU ROSU, Anul 2026, Numar persoane, 270
85 ani si peste, Total, Caras-Severin, 51243 ARMENIS, Anul 2026, Numar persoane, 44
85 ani si peste, Total, Caras-Severin, 51305 BANIA, Anul 2026, Numar persoane, 40
85 ani si peste, Total, Caras-Severin, 51332 BAUTAR, Anul 2026, Numar persoane, 63
85 ani si peste, Total, Caras-Severin, 51387 BERLISTE, Anul 2026, Numar persoane, 32
85 ani si peste, Total, Caras-Severin, 51449 BERZASCA, Anul 2026, Numar persoane, 46
85 ani si peste, Total, Caras-Severin, 51500 BERZOVIA, Anul 2026, Numar persoane, 64
85 ani si peste, Total, Caras-Severin, 51546 BOLVASNITA, Anul 2026, Numar persoane, 25
85 ani si peste, Total, Caras-Severin, 51573 BOZOVICI, Anul 2026, Numar persoane, 63
85 ani si peste, Total, Caras-Severin, 51626 BREBU, Anul 2026, Numar persoane, 34
85 ani si peste, Total, Caras-Severin, 51662 BREBU NOU, Anul 2026, Numar persoane, 52
85 ani si peste, Total, Caras-Severin, 51699 BUCHIN, Anul 2026, Numar persoane, 56
85 ani si peste, Total, Caras-Severin, 51751 BUCOSNITA, Anul 2026, Numar persoane, 91
85 ani si peste, Total, Caras-Severin, 51804 CARASOVA, Anul 2026, Numar persoane, 60
85 ani si peste, Total, Caras-Severin, 51840 CARBUNARI, Anul 2026, Numar persoane, 28
85 ani si peste, Total, Caras-Severin, 51948 CICLOVA ROMANA, Anul 2026, Numar persoane, 52
85 ani si peste, Total, Caras-Severin, 51984 CIUCHICI, Anul 2026, Numar persoane, 60
85 ani si peste, Total, Caras-Severin, 52035 CIUDANOVITA, Anul 2026, Numar persoane, 24
85 ani si peste, Total, Caras-Severin, 51877 CONSTANTIN DAICOVICIU, Anul 2026, Numar persoane, 76
85 ani si peste, Total, Caras-Severin, 52062 COPACELE, Anul 2026, Numar persoane, 53
85 ani si peste, Total, Caras-Severin, 52115 CORNEA, Anul 2026, Numar persoane, 101
85 ani si peste, Total, Caras-Severin, 52160 CORNEREVA, Anul 2026, Numar persoane, 81
85 ani si peste, Total, Caras-Severin, 53489 CORONINI, Anul 2026, Numar persoane, 24
85 ani si peste, Total, Caras-Severin, 52570 DALBOSET, Anul 2026, Numar persoane, 71
85 ani si peste, Total, Caras-Severin, 52650 DOCLIN, Anul 2026, Numar persoane, 49
85 ani si peste, Total, Caras-Severin, 52696 DOGNECEA, Anul 2026, Numar persoane, 99
85 ani si peste, Total, Caras-Severin, 52721 DOMASNEA, Anul 2026, Numar persoane, 57
85 ani si peste, Total, Caras-Severin, 53700 EFTIMIE MURGU, Anul 2026, Numar persoane, 31
85 ani si peste, Total, Caras-Severin, 52758 EZERIS, Anul 2026, Numar persoane, 45
85 ani si peste, Total, Caras-Severin, 52785 FARLIUG, Anul 2026, Numar persoane, 69
85 ani si peste, Total, Caras-Severin, 52856 FOROTIC, Anul 2026, Numar persoane, 34
85 ani si peste, Total, Caras-Severin, 52909 GARNIC, Anul 2026, Numar persoane, 35
85 ani si peste, Total, Caras-Severin, 52936 GLIMBOCA, Anul 2026, Numar persoane, 30
85 ani si peste, Total, Caras-Severin, 52954 GORUIA, Anul 2026, Numar persoane, 23
85 ani si peste, Total, Caras-Severin, 52990 GRADINARI, Anul 2026, Numar persoane, 36
85 ani si peste, Total, Caras-Severin, 53023 IABLANITA, Anul 2026, Numar persoane, 134
85 ani si peste, Total, Caras-Severin, 53069 LAPUSNICEL, Anul 2026, Numar persoane, 105
85 ani si peste, Total, Caras-Severin, 53103 LAPUSNICU MARE, Anul 2026, Numar persoane, 43
85 ani si peste, Total, Caras-Severin, 53130 LUNCAVITA, Anul 2026, Numar persoane, 61
85 ani si peste, Total, Caras-Severin, 53167 LUPAC, Anul 2026, Numar persoane, 47
85 ani si peste, Total, Caras-Severin, 53210 MARGA, Anul 2026, Numar persoane, 21
85 ani si peste, Total, Caras-Severin, 53247 MAURENI, Anul 2026, Numar persoane, 46
85 ani si peste, Total, Caras-Severin, 53274 MEHADIA, Anul 2026, Numar persoane, 91
85 ani si peste, Total, Caras-Severin, 53327 MEHADICA, Anul 2026, Numar persoane, 39
85 ani si peste, Total, Caras-Severin, 53345 NAIDAS, Anul 2026, Numar persoane, 62
85 ani si peste, Total, Caras-Severin, 53372 OBREJA, Anul 2026, Numar persoane, 61
85 ani si peste, Total, Caras-Severin, 50987 OCNA DE FIER, Anul 2026, Numar persoane, 17
85 ani si peste, Total, Caras-Severin, 53425 PALTINIS, Anul 2026, Numar persoane, 43
85 ani si peste, Total, Caras-Severin, 53513 POJEJENA, Anul 2026, Numar persoane, 60
85 ani si peste, Total, Caras-Severin, 53577 PRIGOR, Anul 2026, Numar persoane, 65
85 ani si peste, Total, Caras-Severin, 53675 RACASDIA, Anul 2026, Numar persoane, 45
85 ani si peste, Total, Caras-Severin, 53639 RAMNA, Anul 2026, Numar persoane, 34
85 ani si peste, Total, Caras-Severin, 53728 RUSCA MONTANA, Anul 2026, Numar persoane, 40
85 ani si peste, Total, Caras-Severin, 53755 SACU, Anul 2026, Numar persoane, 38
85 ani si peste, Total, Caras-Severin, 53791 SASCA MONTANA, Anul 2026, Numar persoane, 44
85 ani si peste, Total, Caras-Severin, 53853 SICHEVITA, Anul 2026, Numar persoane, 90
85 ani si peste, Total, Caras-Severin, 54056 SLATINA-TIMIS, Anul 2026, Numar persoane, 75
85 ani si peste, Total, Caras-Severin, 54109 SOCOL, Anul 2026, Numar persoane, 57
85 ani si peste, Total, Caras-Severin, 54163 SOPOTU NOU, Anul 2026, Numar persoane, 37
85 ani si peste, Total, Caras-Severin, 54350 TARNOVA, Anul 2026, Numar persoane, 38
85 ani si peste, Total, Caras-Severin, 54270 TEREGOVA, Anul 2026, Numar persoane, 107
85 ani si peste, Total, Caras-Severin, 54305 TICVANIU MARE, Anul 2026, Numar persoane, 54
85 ani si peste, Total, Caras-Severin, 54387 TOPLET, Anul 2026, Numar persoane, 39
85 ani si peste, Total, Caras-Severin, 54412 TURNU RUIENI, Anul 2026, Numar persoane, 65
85 ani si peste, Total, Caras-Severin, 54485 VALIUG, Anul 2026, Numar persoane, 13
85 ani si peste, Total, Caras-Severin, 54500 VARADIA, Anul 2026, Numar persoane, 26
85 ani si peste, Total, Caras-Severin, 54537 VERMES, Anul 2026, Numar persoane, 32
85 ani si peste, Total, Caras-Severin, 54573 VRANI, Anul 2026, Numar persoane, 19
85 ani si peste, Total, Caras-Severin, 54617 ZAVOI, Anul 2026, Numar persoane, 76
85 ani si peste, Total, Caras-Severin, 54699 ZORLENTU MARE, Anul 2026, Numar persoane, 58
